Title,Url
"[<strong>RAM памет, 2 X 8 GB, 3000 MHz, DDR4</strong>]",https://www.olx.bg/ad/ram-pamet-2-x-8-gb-3000-mhz-ddr4-CID632-ID8aee6.html#bffe156c5d;promoted
[<strong>Продавам Проверени Рам Памети за Настолни Samsung 2x8Gb DDR4 2133Mhz</strong>],https://www.olx.bg/ad/prodavam-provereni-ram-pameti-za-nastolni-samsung-2x8gb-ddr4-2133mhz-CID632-ID7TNCO.html#bffe156c5d;promoted
[<strong>Отлични HP Probook 6550b - 2.4i3 4/8gb ram 160gb HDD/SSD Windows 10</strong>],https://www.olx.bg/ad/otlichni-hp-probook-6550b-2-4i3-4-8gb-ram-160gb-hdd-ssd-windows-10-CID632-ID89H96.html#bffe156c5d;promoted
[<strong>Рам памет Corsair Vengeance LPX 16GB 2 x 8GB DDR4 3000Mhz</strong>],https://www.olx.bg/ad/ram-pamet-corsair-vengeance-lpx-16gb-2-x-8gb-ddr4-3000mhz-CID632-ID85wSB.html#bffe156c5d
"[<strong>RAM памет, 2 X 8 GB, 3000 MHz, DDR4</strong>]",https://www.olx.bg/ad/ram-pamet-2-x-8-gb-3000-mhz-ddr4-CID632-ID8aee6.html#bffe156c5d;promoted
[<strong>Продавам Проверени Рам Памети за Настолни Samsung 2x8Gb DDR4 2133Mhz</strong>],https://www.olx.bg/ad/prodavam-provereni-ram-pameti-za-nastolni-samsung-2x8gb-ddr4-2133mhz-CID632-ID7TNCO.html#bffe156c5d;promoted
[<strong>RAM памет DDR2 4x2GB 800MHz - 8gb</strong>],https://www.olx.bg/ad/ram-pamet-ddr2-4x2gb-800mhz-8gb-CID632-ID8adZr.html#bffe156c5d
[<strong>Рам памет G SKILL Ares 16GB 2x8GB DDR3 2400Mhz</strong>],https://www.olx.bg/ad/ram-pamet-g-skill-ares-16gb-2x8gb-ddr3-2400mhz-CID632-ID8acrN.html#bffe156c5d
"[<strong>Нов телефон LEAGOO Z10 Android O 5.0""Disp 18:9 1GB RAM 8GB ROM 2x5MP</strong>]",https://www.olx.bg/ad/nov-telefon-leagoo-z10-android-o-5-0-disp-189-1gb-ram-8gb-rom-2x5mp-CID632-ID7V0TK.html#bffe156c5d
[<strong>Kingston 2x4gb (8gb) DDR4 RAM 2400mhz</strong>],https://www.olx.bg/ad/kingston-2x4gb-8gb-ddr4-ram-2400mhz-CID632-ID8a9h3.html#bffe156c5d
[<strong>16GB DDR3 Kingston 1600Mhz HyperX RAM памет CL9 2x8GB</strong>],https://www.olx.bg/ad/16gb-ddr3-kingston-1600mhz-hyperx-ram-pamet-cl9-2x8gb-CID632-ID8a91b.html#bffe156c5d
"[<strong>RAM памет Corsair 2x4=8Gb DDR3, 1333MHz от MacBook Pro</strong>]",https://www.olx.bg/ad/ram-pamet-corsair-2x48gb-ddr3-1333mhz-ot-macbook-pro-CID632-ID82Vsd.html#bffe156c5d
"[<strong>Памет RAM 16GB (2x8GB) Kingston Hyper X Predator RGB 3200Mhz,DDR4,CL16</strong>]",https://www.olx.bg/ad/pamet-ram-16gb-2x8gb-kingston-hyper-x-predator-rgb-3200mhz-ddr4-cl16-CID632-ID7YgXA.html#bffe156c5d
[<strong>Mt 8jtf 4gb (2X2gb) ddr3 DIMM RAM</strong>],https://www.olx.bg/ad/mt-8jtf-4gb-2x2gb-ddr3-dimm-ram-CID632-ID8a8ij.html#bffe156c5d
[<strong>RAM DDR4 2666MHz Samsung 16GB (2x8GB) SO-DIMM 260Pin</strong>],https://www.olx.bg/ad/ram-ddr4-2666mhz-samsung-16gb-2x8gb-so-dimm-260pin-CID632-ID8a7r7.html#bffe156c5d
[<strong>Рам памет Corsair Vengeance LED red 16GB (2x8GB) DDR4 2666MHz</strong>],https://www.olx.bg/ad/ram-pamet-corsair-vengeance-led-red-16gb-2x8gb-ddr4-2666mhz-CID632-ID8a1qB.html#bffe156c5d
[<strong>Рам памет G.Skill Ripjaws V Series 16GB (2 x 8GB) DDR4 2400 Mhz</strong>],https://www.olx.bg/ad/ram-pamet-g-skill-ripjaws-v-series-16gb-2-x-8gb-ddr4-2400-mhz-CID632-ID8a1n0.html#bffe156c5d
[<strong>Acer TimeLine X`Core i5-2410M/8GB RAM/500GB-7200rpm/Nvidia 540M-2GB/HD</strong>],https://www.olx.bg/ad/acer-timeline-xcore-i5-2410m-8gb-ram-500gb-7200rpm-nvidia-540m-2gb-hd-CID632-ID89VZ8.html#bffe156c5d
[<strong>Рам памет Team group delta rgb 8 gb ddr4 2x4 gb</strong>],https://www.olx.bg/ad/ram-pamet-team-group-delta-rgb-8-gb-ddr4-2x4-gb-CID632-ID85CzQ.html#bffe156c5d
[<strong>3gb 2x1gb ram pc2-6400u 2rx8 ddr2</strong>],https://www.olx.bg/ad/3gb-2x1gb-ram-pc2-6400u-2rx8-ddr2-CID632-ID89U1F.html#bffe156c5d
[<strong>3gb 2x1gb ram pc2-6400u 2rx8 ddr2</strong>],https://www.olx.bg/ad/3gb-2x1gb-ram-pc2-6400u-2rx8-ddr2-CID632-ID89U1D.html#bffe156c5d
[<strong>PC/Workstation Server 2x8 XEON 2620v4 RAM 64GB ddr4 RX 480 8GB</strong>],https://www.olx.bg/ad/pc-workstation-server-2x8-xeon-2620v4-ram-64gb-ddr4-rx-480-8gb-CID632-ID82yWu.html#bffe156c5d
[<strong>16 GB DDR3 2x8 GB RAM памет</strong>],https://www.olx.bg/ad/16-gb-ddr3-2x8-gb-ram-pamet-CID632-ID88iut.html#bffe156c5d
"[<strong>Компютър am2+, рам 8 GB, Процесор phenom x4, хард диск и windows 10</strong>]",https://www.olx.bg/ad/kompyutar-am2-ram-8-gb-protsesor-phenom-x4-hard-disk-i-windows-10-CID632-ID866lA.html#bffe156c5d
[<strong>HP 745G2-AMD Quadcore 2100Mhz Ram 8GB 1600Mhz HDD 500GB</strong>],https://www.olx.bg/ad/hp-745g2-amd-quadcore-2100mhz-ram-8gb-1600mhz-hdd-500gb-CID632-ID86jH4.html#bffe156c5d
[<strong>Рам памет 8GB 2x4GB за. AMD 1333Mhz</strong>],https://www.olx.bg/ad/ram-pamet-8gb-2x4gb-za-amd-1333mhz-CID632-ID89LPt.html#bffe156c5d
[<strong>рам памет 16GB (2x8GB) DDR4 2400mhz</strong>],https://www.olx.bg/ad/ram-pamet-16gb-2x8gb-ddr4-2400mhz-CID632-ID809GP.html#bffe156c5d
"[<strong>8 GB (2 x 4 GB Pair) ddr2 рам памет за сървър, работна станция.elpida</strong>]",https://www.olx.bg/ad/8-gb-2-x-4-gb-pair-ddr2-ram-pamet-za-sarvar-rabotna-stantsiya-elpida-CID632-ID84bJa.html#bffe156c5d
"[<strong>Meizu X8, нов, бял цвят, 4gb RAM, 64gb ROM, 6.2 инча, глобална версия</strong>]",https://www.olx.bg/ad/meizu-x8-nov-byal-tsvyat-4gb-ram-64gb-rom-6-2-incha-globalna-versiya-CID632-ID89IwA.html#bffe156c5d
[<strong>DDR4 16 GB kit (2x 8GB) Corsair Vengeance LED 3000MHz рам памет</strong>],https://www.olx.bg/ad/ddr4-16-gb-kit-2x-8gb-corsair-vengeance-led-3000mhz-ram-pamet-CID632-ID89Hi7.html#bffe156c5d
[<strong>Отлични HP Probook 6550b - 2.4i3 4/8gb ram 160gb HDD/SSD Windows 10</strong>],https://www.olx.bg/ad/otlichni-hp-probook-6550b-2-4i3-4-8gb-ram-160gb-hdd-ssd-windows-10-CID632-ID89H96.html#bffe156c5d;promoted
"[<strong>LenovoThinkPad X201 12.1"" Intel Core i5-540M 2.53GHz. 8GB RAM 256GB SS</strong>]",https://www.olx.bg/ad/lenovothinkpad-x201-12-1-intel-core-i5-540m-2-53ghz-8gb-ram-256gb-ss-CID632-ID89wYg.html#bffe156c5d
[<strong>RAM 2x2GB 2Rx8 PC3-8500S-7-10-F2</strong>],https://www.olx.bg/ad/ram-2x2gb-2rx8-pc3-8500s-7-10-f2-CID632-ID7Zj6H.html#bffe156c5d
[<strong>RAM памет Samsung 8GB 2x4 PC2 6400 ddr2 800mhz 240 pin dimm</strong>],https://www.olx.bg/ad/ram-pamet-samsung-8gb-2x4-pc2-6400-ddr2-800mhz-240-pin-dimm-CID632-ID89q2I.html#bffe156c5d
"[<strong>Рам Памет Corsair 16GB (2x8GB), DDR3, 1600MHz, CL9, 1.5V, XMP</strong>]",https://www.olx.bg/ad/ram-pamet-corsair-16gb-2x8gb-ddr3-1600mhz-cl9-1-5v-xmp-CID632-ID7Su8M.html#bffe156c5d
[<strong>Ram ADATA XPG 2x8GB 4000mhz CL17</strong>],https://www.olx.bg/ad/ram-adata-xpg-2x8gb-4000mhz-cl17-CID632-ID80kBI.html#bffe156c5d
[<strong>Продавам Рам за Настолни РС-та 8Gb и 2x8Gb DDR4 Тествани Проверени</strong>],https://www.olx.bg/ad/prodavam-ram-za-nastolni-rs-ta-8gb-i-2x8gb-ddr4-testvani-provereni-CID632-ID7QdkR.html#bffe156c5d
[<strong>ASUS P5K Deluxe + X5460 4cores + 8GB (4х2GB) RAM+ HD 7870 OC 2GB 2</strong>],https://www.olx.bg/ad/asus-p5k-deluxe-x5460-4cores-8gb-4h2gb-ram-hd-7870-oc-2gb-2-CID632-ID87D7z.html#bffe156c5d
[<strong>Най-бързата 16GB RAM 2x8GB Samsung PC4-2666V 2666 MHz</strong>],https://www.olx.bg/ad/nay-barzata-16gb-ram-2x8gb-samsung-pc4-2666v-2666-mhz-CID632-ID7ZaZG.html#bffe156c5d
"[<strong>Памет RAM 16GB (2X8GB) Patriot Viper Blackout 3200Mhz, DDR4, CL16</strong>]",https://www.olx.bg/ad/pamet-ram-16gb-2x8gb-patriot-viper-blackout-3200mhz-ddr4-cl16-CID632-ID87wyM.html#bffe156c5d
"[<strong>Памет RAM 16GB (2X8GB) Patriot Viper Steel 3200Mhz, DDR4, CL16</strong>]",https://www.olx.bg/ad/pamet-ram-16gb-2x8gb-patriot-viper-steel-3200mhz-ddr4-cl16-CID632-ID86UZW.html#bffe156c5d
"[<strong>Рам Памети за лаптоп 1х8GB, 1х4GB, 1x2GB DDR3</strong>]",https://www.olx.bg/ad/ram-pameti-za-laptop-1h8gb-1h4gb-1x2gb-ddr3-CID632-ID6RDnL.html#bffe156c5d
[<strong>Продавам Рам Памети за Настолни РС-та 2x8Gb DDR4 2133Mhz Перфектни</strong>],https://www.olx.bg/ad/prodavam-ram-pameti-za-nastolni-rs-ta-2x8gb-ddr4-2133mhz-perfektni-CID632-ID899Dx.html#bffe156c5d
"[<strong>RAM памет, 2 X 8 GB, 3000 MHz, DDR4</strong>]",https://www.olx.bg/ad/ram-pamet-2-x-8-gb-3000-mhz-ddr4-CID632-ID8aee6.html#15e4a08768;promoted
[<strong>Продавам Проверени Рам Памети за Настолни Samsung 2x8Gb DDR4 2133Mhz</strong>],https://www.olx.bg/ad/prodavam-provereni-ram-pameti-za-nastolni-samsung-2x8gb-ddr4-2133mhz-CID632-ID7TNCO.html#15e4a08768;promoted
[<strong>Отлични HP Probook 6550b - 2.4i3 4/8gb ram 160gb HDD/SSD Windows 10</strong>],https://www.olx.bg/ad/otlichni-hp-probook-6550b-2-4i3-4-8gb-ram-160gb-hdd-ssd-windows-10-CID632-ID89H96.html#15e4a08768;promoted
[<strong>RAM памет Samsung 8GB 2x4 PC2 6400 ddr2 800mhz 240 pin dimm</strong>],https://www.olx.bg/ad/ram-pamet-samsung-8gb-2x4-pc2-6400-ddr2-800mhz-240-pin-dimm-CID632-ID892wW.html#15e4a08768
[<strong>Рам памет за лаптоп Samsung 16GB (2x8GB) SO-DIMM DDR4-2666Mhz</strong>],https://www.olx.bg/ad/ram-pamet-za-laptop-samsung-16gb-2x8gb-so-dimm-ddr4-2666mhz-CID632-ID892gQ.html#15e4a08768
[<strong>DDR 3 Ram сървърна 16gb(2x8gb) kit crucial</strong>],https://www.olx.bg/ad/ddr-3-ram-sarvarna-16gb2x8gb-kit-crucial-CID632-ID88ZDv.html#15e4a08768
[<strong>Рам DDR3 2x8gb Kingston HyperX FURY</strong>],https://www.olx.bg/ad/ram-ddr3-2x8gb-kingston-hyperx-fury-CID632-ID88Ymr.html#15e4a08768
[<strong>16GB DDR4 Crucial 2x 8GB 2133 MHz ram / рам памет</strong>],https://www.olx.bg/ad/16gb-ddr4-crucial-2x-8gb-2133-mhz-ram-ram-pamet-CID632-ID88VrS.html#15e4a08768
[<strong>Лаптоп ASUS R704A Intel Core i3 3120M 2ядра x2.5GHZ RAM8GB хард320gb</strong>],https://www.olx.bg/ad/laptop-asus-r704a-intel-core-i3-3120m-2yadra-x2-5ghz-ram8gb-hard320gb-CID632-ID81sRK.html#15e4a08768
"[<strong>Lenovo Y510P 15.6"" i7-4700MQ 3.40GHz, 8GB RAM, 128 SSD, 2x GT755M SLI</strong>]",https://www.olx.bg/ad/lenovo-y510p-15-6-i7-4700mq-3-40ghz-8gb-ram-128-ssd-2x-gt755m-sli-CID632-ID859Ri.html#15e4a08768
[<strong>РАМ памет RAM Samsung Kingston 8GB 2x4GB DDR2-800 за AMD процесори</strong>],https://www.olx.bg/ad/ram-pamet-ram-samsung-kingston-8gb-2x4gb-ddr2-800-za-amd-protsesori-CID632-ID7EYCH.html#15e4a08768
[<strong>G. SKILL Ripjaws X DDR3 2x4GB (8GB) 1600MHz Рам памет</strong>],https://www.olx.bg/ad/g-skill-ripjaws-x-ddr3-2x4gb-8gb-1600mhz-ram-pamet-CID632-ID88UUy.html#15e4a08768
[<strong>Samsung 2x8GB DDR3 PC3L ECC Ram</strong>],https://www.olx.bg/ad/samsung-2x8gb-ddr3-pc3l-ecc-ram-CID632-ID7clTW.html#15e4a08768
"[<strong>Huawei MediaPad T3, 2GB RAM, 16GB Storage, Wi-Fi, 8"" Tablet ,</strong>]",https://www.olx.bg/ad/huawei-mediapad-t3-2gb-ram-16gb-storage-wi-fi-8-tablet-CID632-ID82O50.html#15e4a08768
"[<strong>Памет RAM 16GB (2X8GB) GOODRAM IRDM PRO 3600Mhz Black, DDR4, CL17</strong>]",https://www.olx.bg/ad/pamet-ram-16gb-2x8gb-goodram-irdm-pro-3600mhz-black-ddr4-cl17-CID632-ID88IOo.html#15e4a08768
"[<strong>Памет RAM 16GB (2X8GB) Team Group T-FORCE VULCAN TUF 3200Mhz,DDR4,CL16</strong>]",https://www.olx.bg/ad/pamet-ram-16gb-2x8gb-team-group-t-force-vulcan-tuf-3200mhz-ddr4-cl16-CID632-ID88IMP.html#15e4a08768
[<strong>Памет RAM 16GB(2X8GB) Team Group T-FORCE NIGHT HAWK RGB DDR4 3200Mhz</strong>],https://www.olx.bg/ad/pamet-ram-16gb2x8gb-team-group-t-force-night-hawk-rgb-ddr4-3200mhz-CID632-ID84k85.html#15e4a08768
[<strong>Памет RAM 16GB (2x8GB) Asrock TEAM XCALIBUR PHANTOM Gaming RGB 3200Mhz</strong>],https://www.olx.bg/ad/pamet-ram-16gb-2x8gb-asrock-team-xcalibur-phantom-gaming-rgb-3200mhz-CID632-ID7XuLf.html#15e4a08768
[<strong>DDR4 рам памет 16 GB (2x 8GB) Crucial Ballistix Sport LT</strong>],https://www.olx.bg/ad/ddr4-ram-pamet-16-gb-2x-8gb-crucial-ballistix-sport-lt-CID632-ID7D1fw.html#15e4a08768
[<strong>Дъно+четириядрен процесор+ 8GB RAM Athlon X4 740 3.2GHz 8GB DDR3</strong>],https://www.olx.bg/ad/dano-chetiriyadren-protsesor-8gb-ram-athlon-x4-740-3-2ghz-8gb-ddr3-CID632-ID88EY0.html#15e4a08768
[<strong>РАМ памет Nanya кит 16GB (2x8GB) DDR3 1600MHz</strong>],https://www.olx.bg/ad/ram-pamet-nanya-kit-16gb-2x8gb-ddr3-1600mhz-CID632-ID7ZLX7.html#15e4a08768
"[<strong>Памет RAM 16GB (2X8GB) Patriot Viper RGB White 3200Mhz, DDR4, CL16</strong>]",https://www.olx.bg/ad/pamet-ram-16gb-2x8gb-patriot-viper-rgb-white-3200mhz-ddr4-cl16-CID632-ID86W2W.html#15e4a08768
"[<strong>Памет RAM 16GB (2X8GB) Patriot Viper RGB Black 3200Mhz, DDR4, CL16</strong>]",https://www.olx.bg/ad/pamet-ram-16gb-2x8gb-patriot-viper-rgb-black-3200mhz-ddr4-cl16-CID632-ID86W2r.html#15e4a08768
"[<strong>Памет RAM 16GB (2X8GB) Patriot Viper Steel 3600Mhz, DDR4, CL17</strong>]",https://www.olx.bg/ad/pamet-ram-16gb-2x8gb-patriot-viper-steel-3600mhz-ddr4-cl17-CID632-ID86W1J.html#15e4a08768
"[<strong>Памет RAM 16GB (2X8GB) Patriot Viper Steel 3000Mhz, DDR4, CL16</strong>]",https://www.olx.bg/ad/pamet-ram-16gb-2x8gb-patriot-viper-steel-3000mhz-ddr4-cl16-CID632-ID86W0S.html#15e4a08768
"[<strong>Памет RAM 8GB (2X4GB) Patriot Viper Blackout 3000Mhz, DDR4, CL16</strong>]",https://www.olx.bg/ad/pamet-ram-8gb-2x4gb-patriot-viper-blackout-3000mhz-ddr4-cl16-CID632-ID86UYZ.html#15e4a08768
[<strong>Продавам ram 8GB Micron (2 x 4GB 1600MHz DDR3</strong>],https://www.olx.bg/ad/prodavam-ram-8gb-micron-2-x-4gb-1600mhz-ddr3-CID632-ID86ugX.html#15e4a08768
[<strong>Corsair Vengeance 8GB kit (2x 4GB) DDR3 рам памет</strong>],https://www.olx.bg/ad/corsair-vengeance-8gb-kit-2x-4gb-ddr3-ram-pamet-CID632-ID7USoH.html#15e4a08768
[<strong>RAM SK Hynix памет за преносим компютър 8gb (2 x 4gb) DDR4</strong>],https://www.olx.bg/ad/ram-sk-hynix-pamet-za-prenosim-kompyutar-8gb-2-x-4gb-ddr4-CID632-ID7TaYu.html#15e4a08768
[<strong>Рам памет Kingston HyperX Predator 8GB (2x4GB) DDR4 3000MHz</strong>],https://www.olx.bg/ad/ram-pamet-kingston-hyperx-predator-8gb-2x4gb-ddr4-3000mhz-CID632-ID7NEoP.html#15e4a08768
[<strong>Рам памет за лаптоп 16GB (2x 8GB) DDR3 1600MHz CL11 SODIMM</strong>],https://www.olx.bg/ad/ram-pamet-za-laptop-16gb-2x-8gb-ddr3-1600mhz-cl11-sodimm-CID632-ID86KU5.html#15e4a08768
"[<strong>Смарт TV Box x96 mini, 2GB Ram, 16 GB Памет, Amlogic S905 с андроид 8.</strong>]",https://www.olx.bg/ad/smart-tv-box-x96-mini-2gb-ram-16-gb-pamet-amlogic-s905-s-android-8-CID632-ID7WHQh.html#15e4a08768
"[<strong>Памет RAM 16GB (2X8GB) Team Group T-FORCE DARK Z, 3000Mhz, DDR4, CL15</strong>]",https://www.olx.bg/ad/pamet-ram-16gb-2x8gb-team-group-t-force-dark-z-3000mhz-ddr4-cl15-CID632-ID86Ags.html#15e4a08768
"[<strong>Памет RAM 16GB(2X8GB) Team Group T-FORCE DELTA RGB BLACK,2666Mhz,DDR4</strong>]",https://www.olx.bg/ad/pamet-ram-16gb2x8gb-team-group-t-force-delta-rgb-black-2666mhz-ddr4-CID632-ID84k6Y.html#15e4a08768
"[<strong>Памет RAM 16GB (2x8GB) Kingston Hyper X Fury 3000Mhz, DDR4, CL15</strong>]",https://www.olx.bg/ad/pamet-ram-16gb-2x8gb-kingston-hyper-x-fury-3000mhz-ddr4-cl15-CID632-ID86Abs.html#15e4a08768
"[<strong>Памет RAM 16GB (2X8GB) Team Group T-FORCE DARK Z, 2666Mhz, DDR4, CL15</strong>]",https://www.olx.bg/ad/pamet-ram-16gb-2x8gb-team-group-t-force-dark-z-2666mhz-ddr4-cl15-CID632-ID83uMl.html#15e4a08768
[<strong>Памет RAM 16GB (2x8GB) G.Skill TridentZ RGB DDR4 3000Mhz за компютър</strong>],https://www.olx.bg/ad/pamet-ram-16gb-2x8gb-g-skill-tridentz-rgb-ddr4-3000mhz-za-kompyutar-CID632-ID7KQ01.html#15e4a08768
"[<strong>Геймърски компютър, RX 580 8GB, 12x 4,18GHz, 12GB RAM, 2TB</strong>]",https://www.olx.bg/ad/geymarski-kompyutar-rx-580-8gb-12x-4-18ghz-12gb-ram-2tb-CID632-ID80CnE.html#15e4a08768
[<strong>Рам памет G Skill ARES 8GB 2x4GB DDR3 2133MHz</strong>],https://www.olx.bg/ad/ram-pamet-g-skill-ares-8gb-2x4gb-ddr3-2133mhz-CID632-ID87Oyo.html#15e4a08768
[<strong>Геймърски AMD 4x3.2GHz/HD 6950/8Gb рам/500 Gb хард</strong>],https://www.olx.bg/ad/geymarski-amd-4x3-2ghz-hd-6950-8gb-ram-500-gb-hard-CID632-ID825PN.html#15e4a08768
[<strong>Рам памет 8GB 2x4gb 1600MHz</strong>],https://www.olx.bg/ad/ram-pamet-8gb-2x4gb-1600mhz-CID632-ID87B4d.html#15e4a08768
[<strong>Corsair Dominator Platinum 8GB kit (2x 4GB) DDR3 рам памет</strong>],https://www.olx.bg/ad/corsair-dominator-platinum-8gb-kit-2x-4gb-ddr3-ram-pamet-CID632-ID7z3dV.html#15e4a08768
[<strong>Памет RAM 16GB(2X8GB) Kingston HyperX Fury DDR4 2666Mhz</strong>],https://www.olx.bg/ad/pamet-ram-16gb2x8gb-kingston-hyperx-fury-ddr4-2666mhz-CID632-ID7Uu3h.html#15e4a08768
